{"cameraMode":{"drawMode":0,"name":"Shaded","section":"Shading Mode"},"sceneLighting":false,"audioPlay":false,"sceneViewState":{"showFog":true,"showMaterialUpdate":false,"showSkybox":false,"showFlares":true,"showImageEffects":true,"showParticleSystems":true},"in2DMode":false,"pivot":{"x":-1.6770658493041993,"y":1.4550817012786866,"z":-0.30191609263420107},"rotation":{"x":-0.06605134904384613,"y":0.7131621837615967,"z":-0.06781749427318573,"w":-0.6945796012878418},"size":5.241659164428711,"orthographic":false}