{"cameraMode":{"drawMode":0,"name":"Shaded","section":"Shading Mode"},"sceneLighting":false,"audioPlay":false,"sceneViewState":{"showFog":true,"showMaterialUpdate":false,"showSkybox":false,"showFlares":true,"showImageEffects":true,"showParticleSystems":true},"in2DMode":false,"pivot":{"x":-4.387883186340332,"y":-1.6944243907928467,"z":70.7086181640625},"rotation":{"x":-0.1428173929452896,"y":0.4193553328514099,"z":-0.06699100881814957,"w":-0.8940160870552063},"size":20.208295822143556,"orthographic":false}