{"cameraMode":{"drawMode":0,"name":"Shaded","section":"Shading Mode"},"sceneLighting":true,"audioPlay":false,"sceneViewState":{"showFog":true,"showMaterialUpdate":false,"showSkybox":true,"showFlares":true,"showImageEffects":true,"showParticleSystems":true},"in2DMode":false,"pivot":{"x":7.31884765625,"y":23.900146484375,"z":156.86053466796876},"rotation":{"x":-0.20520929992198945,"y":0.5723094344139099,"z":-0.15066076815128327,"w":-0.7795242667198181},"size":98.4242935180664,"orthographic":false}