{"cameraMode":{"drawMode":0,"name":"Shaded","section":"Shading Mode"},"sceneLighting":true,"audioPlay":false,"sceneViewState":{"showFog":true,"showMaterialUpdate":false,"showSkybox":true,"showFlares":true,"showImageEffects":true,"showParticleSystems":true},"in2DMode":false,"pivot":{"x":135.84979248046876,"y":213.81411743164063,"z":262.42840576171877},"rotation":{"x":-0.08465220034122467,"y":-0.748084545135498,"z":0.09727317094802857,"w":-0.6509673595428467},"size":618.9595947265625,"orthographic":false}