{"cameraMode":{"drawMode":0,"name":"Shaded","section":"Shading Mode"},"sceneLighting":false,"audioPlay":false,"sceneViewState":{"showFog":true,"showMaterialUpdate":false,"showSkybox":false,"showFlares":true,"showImageEffects":true,"showParticleSystems":true},"in2DMode":false,"pivot":{"x":-0.7675330638885498,"y":6.457277297973633,"z":-1.891708493232727},"rotation":{"x":-0.1401733011007309,"y":-0.5042083859443665,"z":0.08334245532751084,"w":-0.8480513095855713},"size":17.102930068969728,"orthographic":false}