{"cameraMode":{"drawMode":0,"name":"Shaded","section":"Shading Mode"},"sceneLighting":false,"audioPlay":false,"sceneViewState":{"showFog":true,"showMaterialUpdate":false,"showSkybox":false,"showFlares":true,"showImageEffects":true,"showParticleSystems":true},"in2DMode":false,"pivot":{"x":0.039394065737724307,"y":0.6993675231933594,"z":-17.380956649780275},"rotation":{"x":-0.2432299554347992,"y":0.7303511500358582,"z":-0.322490394115448,"w":-0.5508483648300171},"size":69.3254165649414,"orthographic":false}