{"cameraMode":{"drawMode":0,"name":"Shaded","section":"Shading Mode"},"sceneLighting":true,"audioPlay":false,"sceneViewState":{"showFog":true,"showMaterialUpdate":false,"showSkybox":true,"showFlares":true,"showImageEffects":true,"showParticleSystems":true},"in2DMode":false,"pivot":{"x":207.651611328125,"y":-9.772068977355957,"z":330.04266357421877},"rotation":{"x":-0.19872431457042695,"y":0.2784282863140106,"z":-0.05899423360824585,"w":-0.937825620174408},"size":128.5553741455078,"orthographic":false}