{"cameraMode":{"drawMode":0,"name":"Shaded","section":"Shading Mode"},"sceneLighting":true,"audioPlay":false,"sceneViewState":{"showFog":true,"showMaterialUpdate":false,"showSkybox":true,"showFlares":true,"showImageEffects":true,"showParticleSystems":true},"in2DMode":false,"pivot":{"x":-4.631335258483887,"y":-6.768562316894531,"z":17.17043113708496},"rotation":{"x":-0.2766261100769043,"y":0.05818947032094002,"z":-0.016780177131295205,"w":-0.9590733647346497},"size":31.541404724121095,"orthographic":false}