{"cameraMode":{"drawMode":0,"name":"Shaded","section":"Shading Mode"},"sceneLighting":true,"audioPlay":false,"sceneViewState":{"showFog":true,"showMaterialUpdate":false,"showSkybox":true,"showFlares":true,"showImageEffects":true,"showParticleSystems":true},"in2DMode":false,"pivot":{"x":-24.152801513671876,"y":-1.171891450881958,"z":20.2606143951416},"rotation":{"x":-0.12611307203769685,"y":0.6760501265525818,"z":-0.11905016005039215,"w":-0.7161581516265869},"size":59.33269119262695,"orthographic":false}