{"cameraMode":{"drawMode":0,"name":"Shaded","section":"Shading Mode"},"sceneLighting":false,"audioPlay":false,"sceneViewState":{"showFog":true,"showMaterialUpdate":false,"showSkybox":false,"showFlares":true,"showImageEffects":true,"showParticleSystems":true},"in2DMode":false,"pivot":{"x":3.980027914047241,"y":3.4732789993286135,"z":3.9413352012634279},"rotation":{"x":-0.11941058188676834,"y":0.8771145343780518,"z":-0.28465285897254946,"w":-0.36794567108154299},"size":2.8578836917877199,"orthographic":false}